gkz,gemeinde,bundesland,typ,einwohner,flaeche_km2,entfernung_km,preis_m2
61203,Aigen im Ennstal,Steiermark,Land,2756,86.4,110,91.4
70501,Alpbach,Tirol,Land,2510,58.4,44,514.9
10101,Eisenstadt,Burgenland,Stadt,16396,42.9,0,310.3
70908,Finkenberg,Tirol,Land,1413,171.5,35,365.9
70810,Forchach,Tirol,Umland,260,14.3,63,204.5
60101,Graz,Steiermark,Stadt,306971,127.6,0,430.3
70101,Innsbruck,Tirol,Stadt,132820,104.9,0,1050.5
70608,Ischgl,Tirol,Land,1624,103.3,88,
61019,Kitzeck im Sausal,Steiermark,Land,1137,16.3,32,52.1
70513,Kufstein,Tirol,Stadt,20118,39.4,68,834.9
60626,Kumberg,Steiermark,Umland,3924,29.3,12,94.9
61108,Leoben,Steiermark,Stadt,24455,107.8,43,129.0
61612,Ligist,Steiermark,Umland,3177,34.6,19,61.9
10428,Moschendorf,Burgenland,Land,357,13.2,88,17.3
61410,Mühlen,Steiermark,Land,847,50.8,71,46.0
10917,Oberwart,Burgenland,Stadt,8130,36.5,67,93.3
10715,Pama,Burgenland,Umland,1271,26.4,44,118.3
10718,Podersdorf am See,Burgenland,Land,2129,41.7,23,178.9
62276,Rohr bei Hartberg,Steiermark,Land,1382,27.7,50,29.0
70526,Söll,Tirol,Land,3784,46.0,66,536.6
10321,Stotzing,Burgenland,Umland,839,12.9,7,142.4
70933,Terfens,Tirol,Umland,2326,15.2,20,458.5
61116,Traboch,Steiermark,Umland,1398,12.5,48,81.1
10924,Unterkohlstätten,Burgenland,Land,963,29.1,54,23.0
70361,Unterperfuss,Tirol,Umland,248,2.2,10,526.8
80422,Viktorsberg,Vorarlberg,Umland,441,12.5,23,523.8
10722,Weiden am See,Burgenland,Umland,2560,32.5,27,333.6
60351,Wies,Steiermark,Land,4264,76.4,41,35.8
