Luftgüte-Messstellen Wien, Jahresmittelwerte 2025 in Mikrogramm pro Kubikmeter;;;
Quelle: Stadt Wien – Umweltschutz, Luftgütebericht 2025;;;
Station;Bezirk;NO2;PM10
Stephansplatz;Innere Stadt;15;-
Taborstraße;Leopoldstadt;21;16
AKH;Alsergrund;16;14
Belgradplatz;Favoriten;19;14
Kaiser-Ebersdorf;Simmering;16;16
A23-Wehlistraße;Simmering;23;15
Gaudenzdorf;Meidling;18;15
Hietzinger Kai;Hietzing;25;-
Kendlerstraße;Ottakring;15;15
Schafberg;Währing;10;13
Hermannskogel;Döbling;-;-
Hohe Warte;Döbling;12;-
Gerichtsgasse;Floridsdorf;18;15
Lobau;Donaustadt;9;14
Stadlau;Donaustadt;17;16
Liesing-Gewerbegebiet;Liesing;14;13
